b1522f9c-b7eb-4c16-b6da-2c306af60c98,,,
41b141f6-9553-4791-a57a-dea046522c6d,3ddb6471-1f7a-4ba8-886c-6f9c8c6f9a4a,,
777dc762-fde5-4967-8378-fc60995dcf48,b1ba4507-353e-425f-bcc2-9f4348bcf898,,
08a26ee7-ae90-4ecc-b166-d46f1316b95a,f127c896-dc7f-43bd-ad8f-4d801b790396,,
2d28cc19-a088-4b5b-9bbb-6537538536c5,4be5ece8-e149-484a-9f55-424ed6cbc5d7,,
ae28eab6-0aa2-4536-91d0-df6486eb9341,726b7580-011d-4789-8e3b-ceadc5ac61c2,,
cf2fc5dc-125d-4112-a461-8ffec9d321cd,69bb15c5-1b56-4bb4-a1e9-c03bf8137a4b,,
383e6b3f-20f9-4647-863e-32cd69c3d0d4,8f1fca53-c3c5-4211-98bd-f8e10030e803,,
9c441f9c-522a-48b6-b287-68033803f39b,42dfa304-3948-492e-a529-ad8b5366389c,,
e6754073-c406-4e16-8e63-dc680d29cff9,4a48e5d3-9a09-4724-8727-6cd760a88cdb,,
6a7f39ab-f7bc-4564-8238-b676f2c4f3ec,bc10f64f-b4e2-465f-bc51-b59afa082faf,,
114a71e5-1df4-4ad3-ad11-860763f9e8b8,58504767-0898-4d28-9a55-b71fbae5c934,,
bb112c84-1d66-4f7c-b11c-e825bba5f078,4e356bd6-d168-44b4-8ba7-16d1cebb650e,,
13760053-4c59-4c25-a99f-e29bff475de1,a732324a-775b-4d6e-81ae-c31379918710,,
cfae7e9f-1cb0-4841-afdb-8f205f04181b,0f65d789-c40e-41bb-b5f3-693353afec35,,
9db23548-d12c-4122-8945-9a9f19c25764,e947c62a-454c-45b6-b13e-48085b349e38,,
47c0cb27-5ed7-479b-b7b7-8cdf5dc4945c,46facea7-e98d-4f4e-b4c7-2838c43ecfab,,
75ea93f0-bab4-4158-b2de-53598e9d0423,7d2f1301-6d11-465f-9205-e327cd67a64c,,
230a4779-ea79-4338-af8a-e9efa7714b37,64eb9bc2-e082-4f35-9c88-dc28663ba6c1,,
46b09efe-1792-473e-a41f-516cc516ab63,7700aa6f-9573-49ff-bb49-9bdc332a9891,,
a65f224c-e003-46cc-8dd4-03322f8cc9de,5f26ee51-df7d-4d6d-b1a5-8499fd1dba76,,
c925221b-5a78-4ab9-aeda-ab8982311cc7,f998c2f8-e18f-4d80-95d8-2674e4548ca4,,
220286e8-7d49-411e-bc09-1e43094922f9,88558a2e-999e-48ea-aaa7-6a09e1bdaa85,,
b847158d-b6a9-4d60-adfe-11cfc4eccc7d,861bcceb-c1e8-4799-80a8-17c6a52c3cc9,,
d1e1bd76-6197-4eb7-a6fb-02cc96431075,1bc13063-ee18-4086-bb62-3cddc568b459,,
d5db0336-f9df-401f-8314-1d7f39cc1145,0f0f450f-200b-474c-b87a-4eedf865bc8d,,
24c6f00e-72f9-4929-9400-c4b3212ca0fe,fe02d9d3-4b82-4673-ab3f-e9130cf0d9e2,,
f80be521-2579-49d1-85a5-a3aab7d0f3a2,02cc8c33-acc2-4ba7-a088-62e0a8ee23ac,,
99a485c2-df9c-46cb-a7d9-e75ca1f0d78c,5175621f-59ce-4455-a72b-7b9dc597f9a7,,
0f32ee7f-66a5-4d75-a5af-baecff9e3bfd,6a872faf-e521-49a6-8a1e-261e1f6cde85,,
03185fac-2266-4e0a-addf-0bd97e2ed566,80d9aef6-0ed2-4ccb-a313-6ab61c7c92c6,,
c11dd365-0e4d-4bbb-a009-7dea254f0632,ae32a769-3648-4331-887f-e8973e4f0bc4,,
b7d65b85-8226-433f-9200-5b04ea8f4e07,a8f69cb0-0c88-4cd4-95e7-2e0407d0f2f7,,
2a0dbf18-7376-41f6-b35e-6be3ce48871e,93b6a21c-e86a-4608-9f7b-44bfe4661303,,
24d5c34d-a5ea-4346-9fdd-7983ee70716e,c9879b0b-1f5e-4d07-953a-8806bd7561b6,,
9a519da7-5531-4986-945a-a6064927a633,e2e69b87-4054-4707-9662-d9b43ada1699,,
cbbb13c2-f150-412a-bb59-f4a79a67a8e0,dabb65c9-7665-4cfc-addc-3c97ecbe7877,,
13b2c704-540e-4c1f-a151-78bbadc64c92,72613930-ace2-4a7a-8e6e-ea9598cce4b5,,
41415dcf-566e-4f06-9433-1e547fdad972,952c7eac-04c3-45a6-9197-ff767cceb19c,,
b3660174-bd10-4e52-a0c9-c9658dfed065,b4e72557-9568-4f9a-ac1c-2d18ab8875b8,,
5ce08cd7-277c-4050-bbc3-c2389b350392,6240423f-d6fd-4941-8d2b-2fdb8cfdfa90,,
d7819cc8-38c3-406d-a91a-bc1033d6fdc2,e559c546-6662-49a5-806c-8cccac5750ce,,
923c2e6f-acc0-4182-9adc-e3c1f183a8c4,1ed70e06-e7f6-426b-8891-73ae82f37d08,,
b81dab4c-a8bb-489a-97ae-4600b36740c2,c22904a1-44ce-493e-8533-8c0a30e6f8f9,,
67b582e7-2966-4270-88e5-6c0391416d47,29320113-5dde-4418-82bc-adae927efac4,,
7131cd04-2135-4d19-aad4-b998f050cc69,8b1a8116-fe27-47d6-9d70-fb857ead66ec,,
4854a140-2d7b-44c4-9ffa-b7568ebb3ad0,867f3f7f-e4d1-42dd-853c-1b9a0f95c86e,,
86dfdf96-36ff-419c-8834-73ffcdaa0ff9,80b31810-6982-4a6f-9370-81a77fb54c5e,,
6c689bb7-077a-44c0-9590-7cfd35b94685,b36ec999-dbaf-4e34-8c3d-ae3340eb4c34,,
861e715c-4d46-4de0-9add-d43f3e3eb04a,2e19c2dd-b627-4ad3-a7b3-a9d86158b522,,
17b65cae-5bbe-493f-935f-c556b08cce80,b55b7691-286f-4f97-8a70-36aeffe30705,,
213646e4-9072-44c8-8404-2425e06bf76a,03d9fdf2-ec0b-476f-bcff-18593f3dfe41,,
49cac9d7-1f7e-416e-a711-067e95cce440,c50bf880-f72e-416a-8d00-4a24382b89d3,,
bfb40a24-a7f6-4415-8c65-7f31a597b5b7,37a2367f-e82c-4785-817c-53b2d94d3c59,,
7dde75e0-7792-415b-b3b7-d01a3bfe836a,,,
7e572e64-9e9f-478d-9e92-bc8ef0d05643,,,
4e961efd-ab40-4409-8040-a015de244c2b,,,
d968c20d-c52b-4bee-9e6e-6c7aa7d9ac23,c7cc9f62-4ca7-4e3d-9a14-a318ee8022b7,5879be4f625f15007e001834,5951ad187aae57608343ae2c
d968c20d-c52b-4bee-9e6e-6c7aa7d9ac23,c7cc9f62-4ca7-4e3d-9a14-a318ee8022b7,5879be4f625f15007e001835,5951ad187aae57608343ae29
d968c20d-c52b-4bee-9e6e-6c7aa7d9ac23,c7cc9f62-4ca7-4e3d-9a14-a318ee8022b7,5879be4f625f15007e001836,5951ad187aae57608343ae2b
d968c20d-c52b-4bee-9e6e-6c7aa7d9ac23,c7cc9f62-4ca7-4e3d-9a14-a318ee8022b7,5879be4f625f15007e001837,5951ad187aae57608343ae2a
d968c20d-c52b-4bee-9e6e-6c7aa7d9ac23,c7cc9f62-4ca7-4e3d-9a14-a318ee8022b7,5879be4f625f15007e001838,5951ad187aae57608343ae28
d968c20d-c52b-4bee-9e6e-6c7aa7d9ac23,c7cc9f62-4ca7-4e3d-9a14-a318ee8022b7,5879be4f625f15007e001839,5951ad187aae57608343ae2d
d968c20d-c52b-4bee-9e6e-6c7aa7d9ac23,c7cc9f62-4ca7-4e3d-9a14-a318ee8022b7,5879be4f625f15007e00183a,5951ad187aae57608343ae27
d968c20d-c52b-4bee-9e6e-6c7aa7d9ac23,c7cc9f62-4ca7-4e3d-9a14-a318ee8022b7,5879be4f625f15007e00183b,5951ad187aae57608343ae2e
d968c20d-c52b-4bee-9e6e-6c7aa7d9ac23,c7cc9f62-4ca7-4e3d-9a14-a318ee8022b7,5879bf46625f15007e00ffb0,
d968c20d-c52b-4bee-9e6e-6c7aa7d9ac23,c7cc9f62-4ca7-4e3d-9a14-a318ee8022b7,5879bf47625f15007e00ffb8,5951ad187aae57608343ae26
6aedf6e9-e6fe-46ce-ba47-c09188387b17,4af84cee-87da-430b-97ea-e5eeeed3fe89,5879be4f625f15007e00183e,5951ad187aae57608343ae1f
6aedf6e9-e6fe-46ce-ba47-c09188387b17,4af84cee-87da-430b-97ea-e5eeeed3fe89,5879be4f625f15007e00183f,5951ad187aae57608343ae21
6aedf6e9-e6fe-46ce-ba47-c09188387b17,4af84cee-87da-430b-97ea-e5eeeed3fe89,5879be4f625f15007e001840,5951ad187aae57608343ae1e
6aedf6e9-e6fe-46ce-ba47-c09188387b17,4af84cee-87da-430b-97ea-e5eeeed3fe89,5879be4f625f15007e001841,5951ad187aae57608343ae20
6aedf6e9-e6fe-46ce-ba47-c09188387b17,4af84cee-87da-430b-97ea-e5eeeed3fe89,5879be4f625f15007e001842,5951ad187aae57608343ae23
6aedf6e9-e6fe-46ce-ba47-c09188387b17,4af84cee-87da-430b-97ea-e5eeeed3fe89,5879be4f625f15007e001843,5951ad187aae57608343ae22
6aedf6e9-e6fe-46ce-ba47-c09188387b17,4af84cee-87da-430b-97ea-e5eeeed3fe89,5879bf43625f15007e00ff83,
6aedf6e9-e6fe-46ce-ba47-c09188387b17,4af84cee-87da-430b-97ea-e5eeeed3fe89,5879bf45625f15007e00ff9b,5951ad187aae57608343ae1c
6aedf6e9-e6fe-46ce-ba47-c09188387b17,4af84cee-87da-430b-97ea-e5eeeed3fe89,5879bf46625f15007e00ffa6,5951ad187aae57608343ae1d
ff31b59a-39d5-407a-8172-123d095c1737,1d10e0d8-fc86-469f-8981-55e3b0bab7b2,5879be4f625f15007e001846,
ff31b59a-39d5-407a-8172-123d095c1737,1d10e0d8-fc86-469f-8981-55e3b0bab7b2,5879be4f625f15007e001847,
ff31b59a-39d5-407a-8172-123d095c1737,1d10e0d8-fc86-469f-8981-55e3b0bab7b2,5879be4f625f15007e001848,
ff31b59a-39d5-407a-8172-123d095c1737,1d10e0d8-fc86-469f-8981-55e3b0bab7b2,5879be4f625f15007e001849,5d438dd853550dac0b2257c2
ff31b59a-39d5-407a-8172-123d095c1737,1d10e0d8-fc86-469f-8981-55e3b0bab7b2,5879be4f625f15007e00184a,
ff31b59a-39d5-407a-8172-123d095c1737,1d10e0d8-fc86-469f-8981-55e3b0bab7b2,5879be4f625f15007e00184b,
ff31b59a-39d5-407a-8172-123d095c1737,1d10e0d8-fc86-469f-8981-55e3b0bab7b2,5879be4f625f15007e00184c,5d438dd853550dac0b2257c1
ff31b59a-39d5-407a-8172-123d095c1737,1d10e0d8-fc86-469f-8981-55e3b0bab7b2,5879be4f625f15007e00184d,
ff31b59a-39d5-407a-8172-123d095c1737,1d10e0d8-fc86-469f-8981-55e3b0bab7b2,5879bf45625f15007e00ff96,
09f723b5-adaa-47dc-9335-b44248fb205c,,,
02e91228-70d9-4818-b890-a5d4f75a1b59,,,
6891f180-f161-451b-aa39-0e81fbe2e404,bbfea3c8-98a1-485e-a391-9f4ac3a0f4af,5879be4f625f15007e001862,
6891f180-f161-451b-aa39-0e81fbe2e404,bbfea3c8-98a1-485e-a391-9f4ac3a0f4af,5879be4f625f15007e001863,
6891f180-f161-451b-aa39-0e81fbe2e404,bbfea3c8-98a1-485e-a391-9f4ac3a0f4af,5879be4f625f15007e001864,
6891f180-f161-451b-aa39-0e81fbe2e404,bbfea3c8-98a1-485e-a391-9f4ac3a0f4af,5879be4f625f15007e001865,5d438dd853550dac0b2257ad
6891f180-f161-451b-aa39-0e81fbe2e404,bbfea3c8-98a1-485e-a391-9f4ac3a0f4af,5879bf43625f15007e00ff84,
6891f180-f161-451b-aa39-0e81fbe2e404,bbfea3c8-98a1-485e-a391-9f4ac3a0f4af,5879bf44625f15007e00ff89,
6891f180-f161-451b-aa39-0e81fbe2e404,bbfea3c8-98a1-485e-a391-9f4ac3a0f4af,5879bf44625f15007e00ff8e,
6891f180-f161-451b-aa39-0e81fbe2e404,bbfea3c8-98a1-485e-a391-9f4ac3a0f4af,5879bf44625f15007e00ff92,
6891f180-f161-451b-aa39-0e81fbe2e404,bbfea3c8-98a1-485e-a391-9f4ac3a0f4af,5879bf45625f15007e00ff97,
6891f180-f161-451b-aa39-0e81fbe2e404,bbfea3c8-98a1-485e-a391-9f4ac3a0f4af,5879bf45625f15007e00ff9c,
6891f180-f161-451b-aa39-0e81fbe2e404,bbfea3c8-98a1-485e-a391-9f4ac3a0f4af,5879bf45625f15007e00ffa1,
6891f180-f161-451b-aa39-0e81fbe2e404,bbfea3c8-98a1-485e-a391-9f4ac3a0f4af,5879bf46625f15007e00ffab,5d438dd853550dac0b2257ae
6891f180-f161-451b-aa39-0e81fbe2e404,bbfea3c8-98a1-485e-a391-9f4ac3a0f4af,5879bf46625f15007e00ffb1,
6891f180-f161-451b-aa39-0e81fbe2e404,bbfea3c8-98a1-485e-a391-9f4ac3a0f4af,5879bf47625f15007e00ffb9,
5d6eb05c-deb0-4cca-8caf-1f6398b45b9f,,,
fc0346ff-634e-42f2-9e5f-9f8fc48ca27a,932a2bd6-80fa-4e21-8ba1-6203a7efb3fb,5879be50625f15007e00186e,5d438dd853550dac0b2257a1
fc0346ff-634e-42f2-9e5f-9f8fc48ca27a,932a2bd6-80fa-4e21-8ba1-6203a7efb3fb,5879be50625f15007e00186f,5d438dd853550dac0b2257a0
250f67dd-1bc1-447e-83d4-2afe4c4cb4ce,,,
98647ab6-d9ca-418d-96d7-4c60daa5522a,,,
d5278d07-1743-41dc-87de-f5287552557a,,,
e9dd7c1c-b577-4cf5-9b7c-0524b4b43eec,,,
9e03209a-35bf-4292-a65e-8777ead3916c,7756b9a6-391e-400a-be0e-7dfb6d7d6659,,
